filename,point_id,intersection_idx,lat,lon,arm_direction,heading,gsv_pano_id,gsv_date,has_traffic_light,has_stop_sign,num_traffic_lights,num_stop_signs,detections_json
pt_000000_arm0_offset15.jpg,pt_000000,0,39.954017663629415,-75.15943530903762,0,195,EuZqFNDwfOeI3hkhi7cG9g,2025-10,True,False,3,0,"{""traffic_lights"": [{""confidence"": 0.7608767747879028, ""class"": ""traffic light"", ""bbox"": [58.6512336730957, 256.38287353515625, 74.34349060058594, 285.88922119140625]}, {""confidence"": 0.65472811460495, ""class"": ""traffic light"", ""bbox"": [158.9046630859375, 273.8958435058594, 169.1796875, 297.2469177246094]}, {""confidence"": 0.5705813765525818, ""class"": ""traffic light"", ""bbox"": [526.6820678710938, 264.78033447265625, 536.7608032226562, 291.46221923828125]}], ""stop_signs"": []}"
pt_000001_arm90_offset15.jpg,pt_000001,0,39.95396117439026,-75.15936609310648,90,285,CAoSFkNJSE0wb2dLRUlDQWdJRDYwWnVXTWc.,2021-10,True,False,3,0,"{""traffic_lights"": [{""confidence"": 0.7806457281112671, ""class"": ""traffic light"", ""bbox"": [115.50717163085938, 216.14410400390625, 133.79188537597656, 253.928955078125]}, {""confidence"": 0.7343132495880127, ""class"": ""traffic light"", ""bbox"": [317.7420654296875, 278.1126708984375, 333.05718994140625, 318.813720703125]}, {""confidence"": 0.5332930088043213, ""class"": ""traffic light"", ""bbox"": [16.998592376708984, 215.5224609375, 42.302818298339844, 254.1253662109375]}], ""stop_signs"": []}"
pt_000002_arm180_offset15.jpg,pt_000002,0,39.95390790614797,-75.15943949410342,180,15,teh4lsuxWP0rFf0eNP5K_A,2025-10,True,False,2,0,"{""traffic_lights"": [{""confidence"": 0.8041297793388367, ""class"": ""traffic light"", ""bbox"": [518.795166015625, 256.2669677734375, 533.102783203125, 285.66845703125]}, {""confidence"": 0.7355229258537292, ""class"": ""traffic light"", ""bbox"": [33.78770065307617, 250.69137573242188, 49.440738677978516, 288.7017517089844]}], ""stop_signs"": []}"
pt_000003_arm270_offset15.jpg,pt_000003,0,39.95396439534292,-75.15950871004131,270,105,KNgfILQH5WyMGZrHVzWkXw,2025-05,True,False,2,0,"{""traffic_lights"": [{""confidence"": 0.661156952381134, ""class"": ""traffic light"", ""bbox"": [449.19232177734375, 274.5157470703125, 461.06744384765625, 298.3271484375]}, {""confidence"": 0.5410401821136475, ""class"": ""traffic light"", ""bbox"": [112.335693359375, 273.37713623046875, 122.16281127929688, 294.30242919921875]}], ""stop_signs"": []}"
pt_000004_arm0_offset15.jpg,pt_000004,1,39.95420490793173,-75.16100800272503,0,195,BSJb8ZQyVsD9DzNgil6J3A,2025-05,True,False,1,0,"{""traffic_lights"": [{""confidence"": 0.7026646137237549, ""class"": ""traffic light"", ""bbox"": [583.728515625, 275.3133239746094, 596.183349609375, 294.8871765136719]}], ""stop_signs"": []}"
pt_000005_arm90_offset15.jpg,pt_000005,1,39.95414841963964,-75.16093878529519,90,285,iJW7DJc7PCSiH0DdtLLQHw,2025-05,True,False,2,0,"{""traffic_lights"": [{""confidence"": 0.8127104640007019, ""class"": ""traffic light"", ""bbox"": [240.26907348632812, 209.62564086914062, 253.26705932617188, 239.83816528320312]}, {""confidence"": 0.5981205701828003, ""class"": ""traffic light"", ""bbox"": [455.1883544921875, 283.1612548828125, 463.5887451171875, 299.5257568359375]}], ""stop_signs"": []}"
pt_000006_arm180_offset15.jpg,pt_000006,1,39.95409515039032,-75.1610121852611,180,15,2BINKiQroR07oqCx29VozA,2025-10,True,False,5,0,"{""traffic_lights"": [{""confidence"": 0.7500519752502441, ""class"": ""traffic light"", ""bbox"": [224.1611328125, 271.66729736328125, 232.6593017578125, 292.85797119140625]}, {""confidence"": 0.7299262285232544, ""class"": ""traffic light"", ""bbox"": [102.66569519042969, 261.76416015625, 118.64244079589844, 288.4063720703125]}, {""confidence"": 0.6034159660339355, ""class"": ""traffic light"", ""bbox"": [70.28909301757812, 271.14801025390625, 89.61172485351562, 287.1429443359375]}, {""confidence"": 0.5489850044250488, ""class"": ""traffic light"", ""bbox"": [485.72998046875, 269.892578125, 495.830810546875, 290.7120361328125]}, {""confidence"": 0.5040024518966675, ""class"": ""traffic light"", ""bbox"": [573.341552734375, 265.47320556640625, 584.6748046875, 288.52606201171875]}], ""stop_signs"": []}"
pt_000007_arm270_offset15.jpg,pt_000007,1,39.95415163863822,-75.1610814026977,270,105,G3NpHVNtgxzP76fY_6-pVA,2025-10,True,False,1,0,"{""traffic_lights"": [{""confidence"": 0.5314651727676392, ""class"": ""traffic light"", ""bbox"": [526.8629150390625, 282.88934326171875, 534.4605712890625, 297.5089111328125]}], ""stop_signs"": []}"
pt_000008_arm0_offset15.jpg,pt_000008,2,39.95812780688047,-75.16230919990188,0,195,CAoSFkNJSE0wb2dLRUlDQWdJRGFxYW0zRXc.,2020-06,True,False,2,0,"{""traffic_lights"": [{""confidence"": 0.767367422580719, ""class"": ""traffic light"", ""bbox"": [463.93499755859375, 245.63385009765625, 475.63836669921875, 272.5584716796875]}, {""confidence"": 0.5340097546577454, ""class"": ""traffic light"", ""bbox"": [512.9847412109375, 248.82156372070312, 525.7193603515625, 274.1719665527344]}], ""stop_signs"": []}"
pt_000009_arm90_offset15.jpg,pt_000009,2,39.95807131937222,-75.16223997739208,90,285,CAoSFkNJSE0wb2dLRUlDQWdJRGEyWjY3Q3c.,2019-05,True,False,4,0,"{""traffic_lights"": [{""confidence"": 0.7594024538993835, ""class"": ""traffic light"", ""bbox"": [509.94500732421875, 179.76419067382812, 527.3818969726562, 217.75344848632812]}, {""confidence"": 0.7332830429077148, ""class"": ""traffic light"", ""bbox"": [81.77937316894531, 226.36358642578125, 94.46296691894531, 252.36492919921875]}, {""confidence"": 0.7052239179611206, ""class"": ""traffic light"", ""bbox"": [574.1383666992188, 133.26242065429688, 603.1530151367188, 184.608642578125]}, {""confidence"": 0.6651888489723206, ""class"": ""traffic light"", ""bbox"": [43.61930847167969, 206.5316162109375, 58.202491760253906, 235.9031982421875]}], ""stop_signs"": []}"
pt_000010_arm180_offset15.jpg,pt_000010,2,39.95801804929946,-75.16231338057682,180,15,CAoSFkNJSE0wb2dLRUlDQWdJRGEwZkN2QWc.,2020-06,True,False,2,0,"{""traffic_lights"": [{""confidence"": 0.8337641954421997, ""class"": ""traffic light"", ""bbox"": [201.29354858398438, 170.74305725097656, 215.69577026367188, 202.2615509033203]}, {""confidence"": 0.7983934283256531, ""class"": ""traffic light"", ""bbox"": [257.4237060546875, 173.017822265625, 271.3583984375, 204.39849853515625]}], ""stop_signs"": []}"
pt_000011_arm270_offset15.jpg,pt_000011,2,39.95807453676351,-75.16238260309336,270,105,CAoSFkNJSE0wb2dLRUlDQWdJRGE2ZEtTWUE.,2020-07,True,False,2,0,"{""traffic_lights"": [{""confidence"": 0.7951013445854187, ""class"": ""traffic light"", ""bbox"": [48.374534606933594, 150.53912353515625, 74.21944427490234, 194.3446044921875]}, {""confidence"": 0.6181185841560364, ""class"": ""traffic light"", ""bbox"": [102.2969741821289, 188.56597900390625, 122.10266876220703, 222.73501586914062]}], ""stop_signs"": []}"
pt_000012_arm0_offset15.jpg,pt_000012,3,39.95774295626049,-75.16236335015972,0,195,CAoSF0NJSE0wb2dLRUlDQWdJRGF1ZERSM3dF,2019-05,True,False,2,0,"{""traffic_lights"": [{""confidence"": 0.5370978116989136, ""class"": ""traffic light"", ""bbox"": [91.5511474609375, 188.27877807617188, 105.68290710449219, 218.02227783203125]}, {""confidence"": 0.5368101596832275, ""class"": ""traffic light"", ""bbox"": [419.70751953125, 248.0162353515625, 427.2239990234375, 271.24407958984375]}], ""stop_signs"": []}"
pt_000013_arm90_offset15.jpg,pt_000013,3,39.95768646878479,-75.16229412799711,90,285,EqFk92Jzx8bRQEJHQmTrmA,2025-05,True,False,2,0,"{""traffic_lights"": [{""confidence"": 0.7681396007537842, ""class"": ""traffic light"", ""bbox"": [120.14955139160156, 218.56982421875, 129.2757110595703, 242.72164916992188]}, {""confidence"": 0.63038569688797, ""class"": ""traffic light"", ""bbox"": [85.85055541992188, 192.25173950195312, 101.03622436523438, 232.55032348632812]}], ""stop_signs"": []}"
pt_000014_arm180_offset15.jpg,pt_000014,3,39.95763319867634,-75.16236753072347,180,15,aLEV_Vp7NLM20rPVn5QrZA,2023-06,True,False,5,0,"{""traffic_lights"": [{""confidence"": 0.802929162979126, ""class"": ""traffic light"", ""bbox"": [552.00537109375, 18.089637756347656, 596.182373046875, 121.4276351928711]}, {""confidence"": 0.7592961192131042, ""class"": ""traffic light"", ""bbox"": [134.77178955078125, 235.06100463867188, 146.30880737304688, 257.6361389160156]}, {""confidence"": 0.7550997138023376, ""class"": ""traffic light"", ""bbox"": [380.531982421875, 178.53289794921875, 396.266357421875, 219.27081298828125]}, {""confidence"": 0.7127838730812073, ""class"": ""traffic light"", ""bbox"": [361.63916015625, 207.47781372070312, 373.6182861328125, 235.81863403320312]}, {""confidence"": 0.7089866399765015, ""class"": ""traffic light"", ""bbox"": [177.61508178710938, 237.3719482421875, 187.18795776367188, 260.42730712890625]}], ""stop_signs"": []}"
pt_000015_arm270_offset15.jpg,pt_000015,3,39.95768968610782,-75.16243675289283,270,105,CAoSF0NJSE0wb2dLRUlDQWdJRGEyY1c3LXdF,2020-06,True,False,4,0,"{""traffic_lights"": [{""confidence"": 0.8411881327629089, ""class"": ""traffic light"", ""bbox"": [339.12628173828125, 163.85702514648438, 362.1683349609375, 211.63351440429688]}, {""confidence"": 0.8337870240211487, ""class"": ""traffic light"", ""bbox"": [252.9053955078125, 151.9435272216797, 278.62823486328125, 199.70237731933594]}, {""confidence"": 0.8253962993621826, ""class"": ""traffic light"", ""bbox"": [11.371326446533203, 88.51040649414062, 46.761962890625, 153.27468872070312]}, {""confidence"": 0.5160850882530212, ""class"": ""traffic light"", ""bbox"": [288.70947265625, 171.003662109375, 316.9373779296875, 200.71563720703125]}], ""stop_signs"": []}"
pt_000016_arm0_offset15.jpg,pt_000016,4,39.956314335036,-75.16282100390357,0,195,z1vHlL1lLqZ1Mq2XlanYoQ,2025-05,True,False,2,0,"{""traffic_lights"": [{""confidence"": 0.6417627334594727, ""class"": ""traffic light"", ""bbox"": [320.19647216796875, 227.86264038085938, 330.3472900390625, 254.48123168945312]}, {""confidence"": 0.6209911704063416, ""class"": ""traffic light"", ""bbox"": [311.09771728515625, 233.99221801757812, 320.52593994140625, 257.7688903808594]}], ""stop_signs"": []}"
pt_000017_arm90_offset15.jpg,pt_000017,4,39.95625784783579,-75.16275178281633,90,285,CAoSF0NJSE0wb2dLRUlDQWdJRGEyZXFybGdF,2019-05,False,False,0,0,"{""traffic_lights"": [], ""stop_signs"": []}"
pt_000018_arm180_offset15.jpg,pt_000018,4,39.95620457743046,-75.16282518363987,180,15,CAoSF0NJSE0wb2dLRUlDQWdJRGFzZHk0OEFF,2020-06,True,False,1,0,"{""traffic_lights"": [{""confidence"": 0.5883665680885315, ""class"": ""traffic light"", ""bbox"": [334.17041015625, 265.09698486328125, 348.41015625, 290.25128173828125]}], ""stop_signs"": []}"
pt_000019_arm270_offset15.jpg,pt_000019,4,39.95626106458647,-75.16289440473388,270,105,CAoSF0NJSE0wb2dLRUlDQWdJRGE4Zmlpc3dF,2019-05,True,False,1,0,"{""traffic_lights"": [{""confidence"": 0.5553584098815918, ""class"": ""traffic light"", ""bbox"": [35.37466812133789, 208.68939208984375, 54.95573806762695, 239.5408935546875]}], ""stop_signs"": []}"
pt_000020_arm0_offset15.jpg,pt_000020,5,39.95540949992131,-75.16301753433108,0,195,CAoSF0NJSE0wb2dLRUlDQWdJRGEyWVg2NXdF,2020-07,True,False,2,0,"{""traffic_lights"": [{""confidence"": 0.6555233597755432, ""class"": ""traffic light"", ""bbox"": [356.82611083984375, 286.6795959472656, 365.90924072265625, 305.1927795410156]}, {""confidence"": 0.6298484206199646, ""class"": ""traffic light"", ""bbox"": [251.4837646484375, 241.93801879882812, 261.43017578125, 266.1460876464844]}], ""stop_signs"": []}"
pt_000021_arm90_offset15.jpg,pt_000021,5,39.95535301283939,-75.1629483140025,90,285,CAoSF0NJSE0wb2dLRUlDQWdJRGFpZDd0eHdF,2019-05,False,False,0,0,"{""traffic_lights"": [], ""stop_signs"": []}"
pt_000022_arm180_offset15.jpg,pt_000022,5,39.95529974230583,-75.16302171369414,180,15,CAoSF0NJSE0wb2dLRUlDQWdJRGFxZDZQbGdF,2019-05,True,False,3,0,"{""traffic_lights"": [{""confidence"": 0.7533071637153625, ""class"": ""traffic light"", ""bbox"": [533.2102661132812, 219.1154022216797, 544.7179565429688, 248.7677459716797]}, {""confidence"": 0.7173933386802673, ""class"": ""traffic light"", ""bbox"": [600.2981567382812, 217.10552978515625, 617.9202270507812, 248.2147216796875]}, {""confidence"": 0.7067038416862488, ""class"": ""traffic light"", ""bbox"": [554.6114501953125, 215.1171875, 567.9996337890625, 244.84359741210938]}], ""stop_signs"": []}"
pt_000023_arm270_offset15.jpg,pt_000023,5,39.95535622934355,-75.16309093402944,270,105,CAoSFkNJSE0wb2dLRUlDQWdJRGFpYTIxSXc.,2020-07,True,False,2,0,"{""traffic_lights"": [{""confidence"": 0.7600942850112915, ""class"": ""traffic light"", ""bbox"": [0.1307506561279297, 178.55496215820312, 21.78546714782715, 220.63540649414062]}, {""confidence"": 0.6449286341667175, ""class"": ""traffic light"", ""bbox"": [52.181495666503906, 208.76214599609375, 68.44144439697266, 241.323974609375]}], ""stop_signs"": []}"
pt_000024_arm0_offset15.jpg,pt_000024,6,39.95629123533148,-75.16268901298969,0,195,CAoSFkNJSE0wb2dLRUlDQWdJRGEwZHJNVFE.,2019-05,False,False,0,0,"{""traffic_lights"": [], ""stop_signs"": []}"
pt_000025_arm90_offset15.jpg,pt_000025,6,39.95623474805178,-75.16261979203576,90,285,ichN8xGYJlZPJl28biDdnw,2025-10,True,False,2,0,"{""traffic_lights"": [{""confidence"": 0.6892580389976501, ""class"": ""traffic light"", ""bbox"": [130.61209106445312, 227.72760009765625, 140.16030883789062, 250.634033203125]}, {""confidence"": 0.5997582674026489, ""class"": ""traffic light"", ""bbox"": [103.39071655273438, 226.59011840820312, 116.44009399414062, 249.16903686523438]}], ""stop_signs"": []}"
pt_000026_arm180_offset15.jpg,pt_000026,6,39.95618147773094,-75.16269319293787,180,15,CAoSFkNJSE0wb2dLRUlDQWdJRGE2WkxoVkE.,2020-06,True,False,2,0,"{""traffic_lights"": [{""confidence"": 0.7761846780776978, ""class"": ""traffic light"", ""bbox"": [245.49478149414062, 269.96527099609375, 256.0360107421875, 291.42724609375]}, {""confidence"": 0.5188256502151489, ""class"": ""traffic light"", ""bbox"": [337.7545166015625, 306.2902526855469, 344.9234619140625, 319.6260681152344]}], ""stop_signs"": []}"
pt_000027_arm270_offset15.jpg,pt_000027,6,39.956237964966434,-75.16276241389856,270,105,CAoSFkNJSE0wb2dLRUlDQWdJRGE2ZlhLREE.,2019-05,False,False,0,0,"{""traffic_lights"": [], ""stop_signs"": []}"
pt_000028_arm0_offset15.jpg,pt_000028,7,39.9544643611587,-75.16309427271982,0,195,CAoSFkNJSE0wb2dLRUlDQWdJRGUtZXJhZHc.,2022-10,False,False,0,0,"{""traffic_lights"": [], ""stop_signs"": []}"
pt_000029_arm90_offset15.jpg,pt_000029,7,39.95440787412292,-75.16302505329062,90,285,CAoSFkNJSE0wb2dLRUlDQWdJRGEyWS1vUlE.,2020-07,True,False,1,0,"{""traffic_lights"": [{""confidence"": 0.6607174873352051, ""class"": ""traffic light"", ""bbox"": [114.07061767578125, 178.25088500976562, 134.40013122558594, 215.15786743164062]}], ""stop_signs"": []}"
pt_000030_arm180_offset15.jpg,pt_000030,7,39.9543546035378,-75.16309845190074,180,15,xsJRoOtRRP9P3Q1xBg-Tng,2025-10,False,False,0,0,"{""traffic_lights"": [], ""stop_signs"": []}"
pt_000031_arm270_offset15.jpg,pt_000031,7,39.95441109052936,-75.1631676713367,270,105,CAoSFkNJSE0wb2dLRUlDQWdJQ3VpdERtZHc.,2022-07,False,False,0,0,"{""traffic_lights"": [], ""stop_signs"": []}"
pt_000032_arm0_offset15.jpg,pt_000032,8,39.953978454359785,-75.16319259577313,0,195,CAoSF0NJSE0wb2dLRUlDQWdJRGE2ZGIxN1FF,2019-05,False,False,0,0,"{""traffic_lights"": [], ""stop_signs"": []}"
pt_000033_arm90_offset15.jpg,pt_000033,8,39.9539219673832,-75.16312337675731,90,285,aoAog-o225Wm7eyFpYTawg,2016-10,False,False,0,0,"{""traffic_lights"": [], ""stop_signs"": []}"
pt_000034_arm180_offset15.jpg,pt_000034,8,39.953868696733856,-75.16319677476527,180,15,-_mt3qIhHnD4XG-SnS4zWg,2025-10,False,False,0,0,"{""traffic_lights"": [], ""stop_signs"": []}"
pt_000035_arm270_offset15.jpg,pt_000035,8,39.95392518366624,-75.16326599378783,270,105,CAoSFkNJSE0wb2dLRUlDQWdJRGE2ZkNoRlE.,2019-05,False,False,0,0,"{""traffic_lights"": [], ""stop_signs"": []}"
pt_000036_arm0_offset15.jpg,pt_000036,9,39.9533940888286,-75.1633292756543,0,195,CAoSFkNJSE0wb2dLRUlDQWdJREU5b1dhQlE.,2014-09,False,False,0,0,"{""traffic_lights"": [], ""stop_signs"": []}"
pt_000037_arm90_offset15.jpg,pt_000037,9,39.95333760193432,-75.16326005712031,90,285,CAoSFkNJSE0wb2dLRUlDQWdJRGE2Y2Y3VXc.,2019-05,True,False,2,0,"{""traffic_lights"": [{""confidence"": 0.7425792217254639, ""class"": ""traffic light"", ""bbox"": [153.40939331054688, 242.72036743164062, 164.6983642578125, 263.0047912597656]}, {""confidence"": 0.6607267260551453, ""class"": ""traffic light"", ""bbox"": [197.619384765625, 243.71673583984375, 205.37261962890625, 263.2893981933594]}], ""stop_signs"": []}"
pt_000038_arm180_offset15.jpg,pt_000038,9,39.95328433119591,-75.16333345438964,180,15,CAoSFkNJSE0wb2dLRUlDQWdJRDhtYTdxV2c.,2020-03,True,False,2,0,"{""traffic_lights"": [{""confidence"": 0.7371076941490173, ""class"": ""traffic light"", ""bbox"": [180.40121459960938, 172.1707305908203, 190.02392578125, 195.59873962402344]}, {""confidence"": 0.5792784094810486, ""class"": ""traffic light"", ""bbox"": [160.55484008789062, 143.1231689453125, 172.20458984375, 173.028564453125]}], ""stop_signs"": []}"
pt_000039_arm270_offset15.jpg,pt_000039,9,39.953340818046016,-75.16340267293037,270,105,CAoSFkNJSE0wb2dLRUlDQWdJRFU4YzZWSWc.,2019-08,True,False,1,0,"{""traffic_lights"": [{""confidence"": 0.7769854068756104, ""class"": ""traffic light"", ""bbox"": [9.831535339355469, 16.29239273071289, 85.0461654663086, 143.13211059570312]}], ""stop_signs"": []}"
pt_000040_arm0_offset15.jpg,pt_000040,10,39.95448895600943,-75.16321697981948,0,195,WGYtKZfnkVdBBtzE-XhLQA,2025-05,True,False,1,0,"{""traffic_lights"": [{""confidence"": 0.5479214191436768, ""class"": ""traffic light"", ""bbox"": [323.7908935546875, 249.05282592773438, 331.3101806640625, 269.9327697753906]}], ""stop_signs"": []}"
pt_000041_arm90_offset15.jpg,pt_000041,10,39.95443246904756,-75.16314776026316,90,285,CAoSFkNJSE0wb2dLRUlDQWdJRGFtWWJ2RFE.,2019-05,True,False,2,0,"{""traffic_lights"": [{""confidence"": 0.6573919653892517, ""class"": ""traffic light"", ""bbox"": [261.32977294921875, 242.12847900390625, 270.22686767578125, 262.3584899902344]}, {""confidence"": 0.6312625408172607, ""class"": ""traffic light"", ""bbox"": [210.07872009277344, 242.61581420898438, 219.93226623535156, 263.0102233886719]}], ""stop_signs"": []}"
pt_000042_arm180_offset15.jpg,pt_000042,10,39.95437919838386,-75.16322115880364,180,15,CAoSFkNJSE0wb2dLRUlDQWdJRGEyWTdBSmc.,2020-06,True,False,1,0,"{""traffic_lights"": [{""confidence"": 0.5133665800094604, ""class"": ""traffic light"", ""bbox"": [291.29852294921875, 246.71311950683594, 303.20709228515625, 272.16064453125]}], ""stop_signs"": []}"
pt_000043_arm270_offset15.jpg,pt_000043,10,39.954435685301554,-75.1632903783667,270,105,CAoSFkNJSE0wb2dLRUlDQWdJRGEyWWExSHc.,2020-06,False,False,0,0,"{""traffic_lights"": [], ""stop_signs"": []}"
pt_000044_arm0_offset15.jpg,pt_000044,11,39.951690341718965,-75.16402149019753,0,195,CAoSFkNJSE0wb2dLRUlDQWdJRGE4WXJ0Q3c.,2019-05,True,False,1,0,"{""traffic_lights"": [{""confidence"": 0.6943895220756531, ""class"": ""traffic light"", ""bbox"": [324.68292236328125, 124.96275329589844, 417.35198974609375, 230.63038635253906]}], ""stop_signs"": []}"
pt_000045_arm90_offset15.jpg,pt_000045,11,39.9516338552415,-75.16395227282406,90,285,jFBW0ONypfrux-zhnNRW4g,2025-10,False,False,0,0,"{""traffic_lights"": [], ""stop_signs"": []}"
pt_000046_arm180_offset15.jpg,pt_000046,11,39.95158058405536,-75.1640256677096,180,15,CAoSFkNJSE0wb2dLRUlDQWdJRGF5WktDREE.,2019-05,False,False,0,0,"{""traffic_lights"": [], ""stop_signs"": []}"
pt_000047_arm270_offset15.jpg,pt_000047,11,39.95163707048865,-75.16409488508981,270,105,CAoSFkNJSE0wb2dLRUlDQWdJRGFtZHphVEE.,2019-05,False,False,0,0,"{""traffic_lights"": [], ""stop_signs"": []}"
pt_000048_arm0_offset15.jpg,pt_000048,12,39.95776113088464,-75.16250581711206,0,195,CAoSFkNJSE0wb2dLRUlDQWdJRGF5ZnVMV2c.,2020-07,True,False,1,0,"{""traffic_lights"": [{""confidence"": 0.634005069732666, ""class"": ""traffic light"", ""bbox"": [222.1796875, 249.77288818359375, 231.1146240234375, 270.634033203125]}], ""stop_signs"": []}"
pt_000049_arm90_offset15.jpg,pt_000049,12,39.95770464349474,-75.16243659481246,90,285,CAoSFkNJSE0wb2dLRUlDQWdJRGEyZl9LQXc.,2020-06,False,False,0,0,"{""traffic_lights"": [], ""stop_signs"": []}"
pt_000050_arm180_offset15.jpg,pt_000050,12,39.95765137329507,-75.1625099974467,180,15,CAoSF0NJSE0wb2dLRUlDQWdJRGEyYTZvM1FF,2020-07,True,False,2,0,"{""traffic_lights"": [{""confidence"": 0.7789028882980347, ""class"": ""traffic light"", ""bbox"": [459.99981689453125, 231.79705810546875, 471.43817138671875, 254.95465087890625]}, {""confidence"": 0.5612242221832275, ""class"": ""traffic light"", ""bbox"": [504.2939453125, 233.755859375, 514.4447021484375, 256.6302490234375]}], ""stop_signs"": []}"
pt_000051_arm270_offset15.jpg,pt_000051,12,39.95770786064075,-75.16257921975307,270,105,CAoSFkNJSE0wb2dLRUlDQWdJRGFtWTJLSVE.,2019-05,True,False,2,0,"{""traffic_lights"": [{""confidence"": 0.7794098854064941, ""class"": ""traffic light"", ""bbox"": [208.7003173828125, 247.59393310546875, 217.6973876953125, 267.19281005859375]}, {""confidence"": 0.6972233057022095, ""class"": ""traffic light"", ""bbox"": [246.92520141601562, 249.84799194335938, 255.71176147460938, 269.3953552246094]}], ""stop_signs"": []}"
pt_000052_arm0_offset15.jpg,pt_000052,13,39.95165192999165,-75.16352454893824,0,195,Og64tbYWCyvpBP12zNZ8YA,2025-10,False,False,0,0,"{""traffic_lights"": [], ""stop_signs"": []}"
pt_000053_arm90_offset15.jpg,pt_000053,13,39.95159544321491,-75.16345533201715,90,285,CAoSF0NJSE0wb2dLRUlDQWdJQ3Vpb2ozNGdF,2022-07,False,False,0,0,"{""traffic_lights"": [], ""stop_signs"": []}"
pt_000054_arm180_offset15.jpg,pt_000054,13,39.95154217234703,-75.1635287272509,180,15,CAoSFkNJSE0wb2dLRUlDQWdJQ3Vpc2p1R2c.,2022-07,False,False,0,0,"{""traffic_lights"": [], ""stop_signs"": []}"
pt_000055_arm270_offset15.jpg,pt_000055,13,39.95159865907957,-75.16359794417875,270,105,YT7JlLuhP6jEvfEw_ugrOw,2025-10,False,False,0,0,"{""traffic_lights"": [], ""stop_signs"": []}"
pt_000056_arm0_offset15.jpg,pt_000056,14,39.95744149874086,-75.15881520442143,0,195,O20gx45Il5-3c2L-13GKWw,2025-07,False,False,0,0,"{""traffic_lights"": [], ""stop_signs"": []}"
pt_000057_arm90_offset15.jpg,pt_000057,14,39.95738500912854,-75.15874598551692,90,285,CAoSF0NJSE0wb2dLRUlDQWdJRGE2ZXpmdndF,2019-05,False,False,0,0,"{""traffic_lights"": [], ""stop_signs"": []}"
pt_000058_arm180_offset15.jpg,pt_000058,14,39.95733174129228,-75.1588193907002,180,15,fSQCcUSM-57gdiDHQohWHg,2022-07,False,False,0,0,"{""traffic_lights"": [], ""stop_signs"": []}"
pt_000059_arm270_offset15.jpg,pt_000059,14,39.9573882308604,-75.15888860961145,270,105,2PxnvqSpan-M0FcJnX1otA,2025-07,False,False,0,0,"{""traffic_lights"": [], ""stop_signs"": []}"
pt_000060_arm0_offset15.jpg,pt_000060,15,39.954335272612376,-75.1620346166027,0,195,2Ij0vIRffLOb9wtT0EGy-Q,2025-10,False,False,0,0,"{""traffic_lights"": [], ""stop_signs"": []}"
pt_000061_arm90_offset15.jpg,pt_000061,15,39.95427878493848,-75.16196539818625,90,285,xgQealKQvg8DrptuifNbbA,2025-10,False,False,0,0,"{""traffic_lights"": [], ""stop_signs"": []}"
pt_000062_arm180_offset15.jpg,pt_000062,15,39.95422551503184,-75.16203879748792,180,15,bjpf5utXq6Qu9eDFjzo3wQ,2025-10,False,False,0,0,"{""traffic_lights"": [], ""stop_signs"": []}"
pt_000063_arm270_offset15.jpg,pt_000063,15,39.954282002661536,-75.16210801591112,270,105,2Ij0vIRffLOb9wtT0EGy-Q,2025-10,False,False,0,0,"{""traffic_lights"": [], ""stop_signs"": []}"
pt_000064_arm0_offset15.jpg,pt_000064,16,39.95645647677412,-75.16106428602195,0,195,pXwbMuYioqare5pZ8aBUiQ,2025-05,False,False,0,0,"{""traffic_lights"": [], ""stop_signs"": []}"
pt_000065_arm90_offset15.jpg,pt_000065,16,39.95639998851605,-75.16099506625079,90,285,CAoSF0NJSE0wb2dLRUlDQWdJQzRvb3p5MFFF,2015-01,False,False,0,0,"{""traffic_lights"": [], ""stop_signs"": []}"
pt_000066_arm180_offset15.jpg,pt_000066,16,39.95634671923644,-75.1610684686057,180,15,tOfvR9YCK3R25gRkkjenGw,2025-05,False,False,0,0,"{""traffic_lights"": [], ""stop_signs"": []}"
pt_000067_arm270_offset15.jpg,pt_000067,16,39.95640320745032,-75.1611376883836,270,105,CAoSF0NJSE0wb2dLRUlDQWdJQzRvcEwwb2dF,2015-01,False,False,0,0,"{""traffic_lights"": [], ""stop_signs"": []}"
pt_000068_arm0_offset15.jpg,pt_000068,17,39.95687609808855,-75.16097459455459,0,195,Xry0fE6sJRKRkPeIRO6yVw,2025-05,False,False,0,0,"{""traffic_lights"": [], ""stop_signs"": []}"
pt_000069_arm90_offset15.jpg,pt_000069,17,39.95681960977652,-75.1609053744304,90,285,GwEHceOGdexRVSBkO1CQDg,2025-05,False,False,0,0,"{""traffic_lights"": [], ""stop_signs"": []}"
pt_000070_arm180_offset15.jpg,pt_000070,17,39.95676634055545,-75.16097877730911,180,15,7Ma3jv_iI45knigsHnIJIg,2025-05,False,False,0,0,"{""traffic_lights"": [], ""stop_signs"": []}"
pt_000071_arm270_offset15.jpg,pt_000071,17,39.9568228288233,-75.16104799744006,270,105,jfyNRw_Lda0Fj93oectf3w,2025-05,False,True,0,1,"{""traffic_lights"": [], ""stop_signs"": [{""confidence"": 0.9015710353851318, ""class"": ""stop sign"", ""bbox"": [406.03057861328125, 244.3959197998047, 450.9556884765625, 293.27484130859375]}]}"
pt_000072_arm0_offset15.jpg,pt_000072,18,39.95610073058712,-75.16114352837064,0,195,CAoSF0NJSE0wb2dLRUlDQWdJRGFzWl9TbWdF,2019-06,False,False,0,0,"{""traffic_lights"": [], ""stop_signs"": []}"
pt_000073_arm90_offset15.jpg,pt_000073,18,39.95604424237675,-75.16107430889615,90,285,pQT-6KoXfnUYqgnPF6IVgA,2025-10,False,False,0,0,"{""traffic_lights"": [], ""stop_signs"": []}"
pt_000074_arm180_offset15.jpg,pt_000074,18,39.95599097304545,-75.16114771080446,180,15,pQT-6KoXfnUYqgnPF6IVgA,2025-10,False,False,0,0,"{""traffic_lights"": [], ""stop_signs"": []}"
pt_000075_arm270_offset15.jpg,pt_000075,18,39.95604746121163,-75.16121693028572,270,105,97_C5EqftwJiH-i3htqAWg,2025-10,False,False,0,0,"{""traffic_lights"": [], ""stop_signs"": []}"
pt_000076_arm0_offset15.jpg,pt_000076,19,39.953812242931285,-75.15786264275938,0,195,yMmNl19mj3-NePKNf6MWgw,2025-05,True,False,1,0,"{""traffic_lights"": [{""confidence"": 0.7195733785629272, ""class"": ""traffic light"", ""bbox"": [537.6532592773438, 164.3068389892578, 555.8561401367188, 200.0677947998047]}], ""stop_signs"": []}"
pt_000077_arm90_offset15.jpg,pt_000077,19,39.95375575274512,-75.15779342834544,90,285,CAoSFkNJSE0wb2dLRUlDQWdJRGFzYXk2R2c.,2019-05,True,False,2,0,"{""traffic_lights"": [{""confidence"": 0.784878134727478, ""class"": ""traffic light"", ""bbox"": [586.5889892578125, 242.47265625, 609.984619140625, 285.24566650390625]}, {""confidence"": 0.7381007671356201, ""class"": ""traffic light"", ""bbox"": [261.08673095703125, 80.26310729980469, 289.29022216796875, 145.3905487060547]}], ""stop_signs"": []}"
pt_000078_arm180_offset15.jpg,pt_000078,19,39.95370248550977,-75.15786683035371,180,15,jogYwVuWcZzSMGkQIH00Eg,2025-05,True,False,3,0,"{""traffic_lights"": [{""confidence"": 0.7715988755226135, ""class"": ""traffic light"", ""bbox"": [160.63241577148438, 271.4847412109375, 171.00680541992188, 295.9532470703125]}, {""confidence"": 0.766296923160553, ""class"": ""traffic light"", ""bbox"": [0.0004825592041015625, 249.0323028564453, 11.958024978637695, 284.12994384765625]}, {""confidence"": 0.5862489938735962, ""class"": ""traffic light"", ""bbox"": [386.2624816894531, 272.12493896484375, 398.5731506347656, 300.11529541015625]}], ""stop_signs"": []}"
pt_000079_arm270_offset15.jpg,pt_000079,19,39.95375897565175,-75.15793604477439,270,105,_AY_Hu7I63vH9fnLAYunJA,2025-05,False,False,0,0,"{""traffic_lights"": [], ""stop_signs"": []}"
pt_000080_arm0_offset15.jpg,pt_000080,20,39.95440396197935,-75.15773777125843,0,195,CAoSFkNJSE0wb2dLRUlDQWdJQ080clBVR1E.,2022-06,False,False,0,0,"{""traffic_lights"": [], ""stop_signs"": []}"
pt_000081_arm90_offset15.jpg,pt_000081,20,39.954347471718016,-75.15766855634539,90,285,4ehS0RC-yxVPLFyqOFf_Jg,2024-10,False,False,0,0,"{""traffic_lights"": [], ""stop_signs"": []}"
pt_000082_arm180_offset15.jpg,pt_000082,20,39.9542942045642,-75.15774195909101,180,15,a-jBKqtyg2eH1M2Vh5AR_w,2025-05,False,False,0,0,"{""traffic_lights"": [], ""stop_signs"": []}"
pt_000083_arm270_offset15.jpg,pt_000083,20,39.95435069478132,-75.15781117401079,270,105,QHhFfKYQm9-HnfszscufTg,2025-05,False,False,0,0,"{""traffic_lights"": [], ""stop_signs"": []}"
pt_000084_arm0_offset15.jpg,pt_000084,21,39.95341164144449,-75.15957370764541,0,195,CAoSF0NJSE0wb2dLRUlDQWdJRGEwWjZDNXdF,2019-05,False,False,0,0,"{""traffic_lights"": [], ""stop_signs"": []}"
pt_000085_arm90_offset15.jpg,pt_000085,21,39.95335515228866,-75.15950449221671,90,285,CAoSF0NJSE0wb2dLRUlDQWdJQ2Npc3JILVFF,2020-02,False,False,0,0,"{""traffic_lights"": [], ""stop_signs"": []}"
pt_000086_arm180_offset15.jpg,pt_000086,21,39.95330188395616,-75.15957789245024,180,15,8og1mcr0hwnQfdHEm5AqzA,2025-10,False,False,0,0,"{""traffic_lights"": [], ""stop_signs"": []}"
pt_000087_arm270_offset15.jpg,pt_000087,21,39.95335837306779,-75.1596471078857,270,105,CAoSFkNJSE0wb2dLRUlDQWdJRGE4Wlc5Y2c.,2019-05,False,False,0,0,"{""traffic_lights"": [], ""stop_signs"": []}"
pt_000088_arm0_offset15.jpg,pt_000088,22,39.95360670585693,-75.16113394302313,0,195,3DRTVwqZwAoCSkk-2-B2GA,2025-10,False,False,0,0,"{""traffic_lights"": [], ""stop_signs"": []}"
pt_000089_arm90_offset15.jpg,pt_000089,22,39.95355021764065,-75.16106472609813,90,285,XaQuF_MV4iifpKg3SGhyjA,2020-11,False,True,0,1,"{""traffic_lights"": [], ""stop_signs"": [{""confidence"": 0.9284178614616394, ""class"": ""stop sign"", ""bbox"": [481.13409423828125, 235.89938354492188, 554.5206909179688, 319.2456359863281]}]}"
pt_000090_arm180_offset15.jpg,pt_000090,22,39.95349694830912,-75.16113812531889,180,15,wWZHZm-6OM_-yL6YHMc0xQ,2025-10,False,False,0,0,"{""traffic_lights"": [], ""stop_signs"": []}"
pt_000091_arm270_offset15.jpg,pt_000091,22,39.95355343648122,-75.16120734225063,270,105,3DRTVwqZwAoCSkk-2-B2GA,2025-10,False,True,0,1,"{""traffic_lights"": [], ""stop_signs"": [{""confidence"": 0.5801102519035339, ""class"": ""stop sign"", ""bbox"": [280.63623046875, 272.14129638671875, 309.5946044921875, 300.95562744140625]}]}"
pt_000092_arm0_offset15.jpg,pt_000092,23,39.95332114627127,-75.15796237070224,0,195,R4_ZFwDX9Dyo3y1vK782hg,2025-05,False,False,0,0,"{""traffic_lights"": [], ""stop_signs"": []}"
pt_000093_arm90_offset15.jpg,pt_000093,23,39.95326465614514,-75.15789315670581,90,285,J3bVWo5UNQI6FvBrFSNYWA,2020-11,False,False,0,0,"{""traffic_lights"": [], ""stop_signs"": []}"
pt_000094_arm180_offset15.jpg,pt_000094,23,39.95321138884467,-75.15796655810517,180,15,QEf5wiqqXMbLlmsg5vnpXQ,2025-05,False,False,0,0,"{""traffic_lights"": [], ""stop_signs"": []}"
pt_000095_arm270_offset15.jpg,pt_000095,23,39.9532678789266,-75.15803577210839,270,105,R4_ZFwDX9Dyo3y1vK782hg,2025-05,False,False,0,0,"{""traffic_lights"": [], ""stop_signs"": []}"
pt_000096_arm0_offset15.jpg,pt_000096,24,39.9532930601087,-75.16237956050904,0,195,mAWhPtkUXBm4bWYrVkcL1Q,2025-10,False,False,0,0,"{""traffic_lights"": [], ""stop_signs"": []}"
pt_000097_arm90_offset15.jpg,pt_000097,24,39.95323657264247,-75.16231034286778,90,285,mAWhPtkUXBm4bWYrVkcL1Q,2025-10,False,False,0,0,"{""traffic_lights"": [], ""stop_signs"": []}"
pt_000098_arm180_offset15.jpg,pt_000098,24,39.95318330251222,-75.16238374077275,180,15,BWmBrtnIJ2fTVoaUYcIVAA,2025-10,False,False,0,0,"{""traffic_lights"": [], ""stop_signs"": []}"
pt_000099_arm270_offset15.jpg,pt_000099,24,39.95323978993423,-75.16245295842074,270,105,BWmBrtnIJ2fTVoaUYcIVAA,2025-10,False,False,0,0,"{""traffic_lights"": [], ""stop_signs"": []}"
pt_000100_arm0_offset15.jpg,pt_000100,25,39.95309359856003,-75.15640099977612,0,195,-epfGRySuT9qNQuQgON06Q,2025-05,False,False,0,0,"{""traffic_lights"": [], ""stop_signs"": []}"
pt_000101_arm90_offset15.jpg,pt_000101,25,39.95303710749371,-75.15633178731007,90,285,ehD_IDP7RDlRIIQIVTVSlw,2025-05,False,False,0,0,"{""traffic_lights"": [], ""stop_signs"": []}"
pt_000102_arm180_offset15.jpg,pt_000102,25,39.95298384119291,-75.15640518968794,180,15,CAoSFkNJSE0wb2dLRUlDQWdJQ0N1TWp2VEE.,2020-08,False,False,0,0,"{""traffic_lights"": [], ""stop_signs"": []}"
pt_000103_arm270_offset15.jpg,pt_000103,25,39.95304033221505,-75.1564744021608,270,105,ehD_IDP7RDlRIIQIVTVSlw,2025-05,False,False,0,0,"{""traffic_lights"": [], ""stop_signs"": []}"
pt_000104_arm0_offset15.jpg,pt_000104,26,39.9531910268533,-75.16122640703321,0,195,-mVh0pyLGQG1XkZEwPXj9Q,2025-10,True,False,1,0,"{""traffic_lights"": [{""confidence"": 0.6472111940383911, ""class"": ""traffic light"", ""bbox"": [113.60533142089844, 270.6199951171875, 121.58515930175781, 286.8505859375]}], ""stop_signs"": []}"
pt_000105_arm90_offset15.jpg,pt_000105,26,39.95313453869266,-75.16115719045492,90,285,CAoSFkNJSE0wb2dLRUlDQWdJRGFpZUNySmc.,2019-05,True,False,1,0,"{""traffic_lights"": [{""confidence"": 0.6350765228271484, ""class"": ""traffic light"", ""bbox"": [435.556640625, 312.17181396484375, 445.7584228515625, 331.54925537109375]}], ""stop_signs"": []}"
pt_000106_arm180_offset15.jpg,pt_000106,26,39.95308126930086,-75.16123058915397,180,15,8kXIlfvFrvBW7CYCZpT9Eg,2025-10,True,False,2,0,"{""traffic_lights"": [{""confidence"": 0.7398343682289124, ""class"": ""traffic light"", ""bbox"": [20.228229522705078, 258.3210754394531, 36.331871032714844, 281.5878601074219]}, {""confidence"": 0.5143328905105591, ""class"": ""traffic light"", ""bbox"": [119.19737243652344, 272.8362731933594, 128.45579528808594, 293.5277404785156]}], ""stop_signs"": []}"
pt_000107_arm270_offset15.jpg,pt_000107,26,39.95313775741729,-75.16129980573903,270,105,VBKXKXLffTOsvKcHDZBfHA,2025-10,True,False,1,0,"{""traffic_lights"": [{""confidence"": 0.5852972269058228, ""class"": ""traffic light"", ""bbox"": [494.9450378417969, 271.1048583984375, 504.0711975097656, 289.859375]}], ""stop_signs"": []}"
pt_000108_arm0_offset15.jpg,pt_000108,27,39.95330807811767,-75.16225097596741,0,195,EZ-WTyBI3Y2OqnHLNsvolA,2025-10,False,False,0,0,"{""traffic_lights"": [], ""stop_signs"": []}"
pt_000109_arm90_offset15.jpg,pt_000109,27,39.95325159057401,-75.1621817584178,90,285,159JsWNivoTDhKNlpN6t4w,2025-10,False,False,0,0,"{""traffic_lights"": [], ""stop_signs"": []}"
pt_000110_arm180_offset15.jpg,pt_000110,27,39.95319832052616,-75.16225515643983,180,15,_e9gv0YQdZkiTMNRqi8-dQ,2024-05,False,False,0,0,"{""traffic_lights"": [], ""stop_signs"": []}"
pt_000111_arm270_offset15.jpg,pt_000111,27,39.9532548080256,-75.16232437399621,270,105,mAWhPtkUXBm4bWYrVkcL1Q,2025-10,False,False,0,0,"{""traffic_lights"": [], ""stop_signs"": []}"
pt_000112_arm0_offset15.jpg,pt_000112,28,39.9529996109789,-75.15966214914167,0,195,hjziNvohcTbKamgtfoYdiA,2025-10,True,False,1,0,"{""traffic_lights"": [{""confidence"": 0.7062254548072815, ""class"": ""traffic light"", ""bbox"": [143.86456298828125, 278.85284423828125, 155.92813110351562, 301.60003662109375]}], ""stop_signs"": []}"
pt_000113_arm90_offset15.jpg,pt_000113,28,39.95294312187628,-75.15959293405926,90,285,Q3g7f_WBIWbMcgVwDO2tXg,2025-05,True,False,1,0,"{""traffic_lights"": [{""confidence"": 0.5329467058181763, ""class"": ""traffic light"", ""bbox"": [85.66865539550781, 276.6815185546875, 98.75267028808594, 288.57421875]}], ""stop_signs"": []}"
pt_000114_arm180_offset15.jpg,pt_000114,28,39.9528898534861,-75.1596663337782,180,15,-pry3CEHNI8Zu_bvOgp1oQ,2025-10,False,False,0,0,"{""traffic_lights"": [], ""stop_signs"": []}"
pt_000115_arm270_offset15.jpg,pt_000115,28,39.9529463425445,-75.15973554886737,270,105,UfUF9ClJz6zqpCeQXmkVYQ,2025-10,True,False,2,0,"{""traffic_lights"": [{""confidence"": 0.76731938123703, ""class"": ""traffic light"", ""bbox"": [403.74298095703125, 269.42462158203125, 416.8038330078125, 296.34429931640625]}, {""confidence"": 0.5245728492736816, ""class"": ""traffic light"", ""bbox"": [419.7301025390625, 272.2153625488281, 428.12890625, 286.7511901855469]}], ""stop_signs"": []}"
pt_000116_arm0_offset15.jpg,pt_000116,29,39.95297069768844,-75.16243994798069,0,195,gTBydbI5H-EfcyXgvKjbiQ,2025-10,False,False,0,0,"{""traffic_lights"": [], ""stop_signs"": []}"
pt_000117_arm90_offset15.jpg,pt_000117,29,39.9529142102586,-75.16237073061771,90,285,JcMhH7ukrDg6YtqPWJtKZg,2025-10,True,False,3,0,"{""traffic_lights"": [{""confidence"": 0.8017475605010986, ""class"": ""traffic light"", ""bbox"": [473.447509765625, 173.1697998046875, 504.908203125, 238.56637573242188]}, {""confidence"": 0.7450476884841919, ""class"": ""traffic light"", ""bbox"": [334.79473876953125, 209.3513641357422, 344.95074462890625, 232.33094787597656]}, {""confidence"": 0.6459781527519226, ""class"": ""traffic light"", ""bbox"": [351.98358154296875, 183.53573608398438, 364.43328857421875, 213.58132934570312]}], ""stop_signs"": []}"
pt_000118_arm180_offset15.jpg,pt_000118,29,39.95286094008884,-75.16244412812699,180,15,OEEicvhwMAQws6cEz0A_7w,2025-10,True,False,2,0,"{""traffic_lights"": [{""confidence"": 0.6850046515464783, ""class"": ""traffic light"", ""bbox"": [303.12689208984375, 198.8997039794922, 316.51593017578125, 232.06309509277344]}, {""confidence"": 0.513701319694519, ""class"": ""traffic light"", ""bbox"": [450.14849853515625, 268.6373596191406, 463.5626220703125, 290.0379333496094]}], ""stop_signs"": []}"
pt_000119_arm270_offset15.jpg,pt_000119,29,39.95291742747449,-75.16251334549673,270,105,CAoSFkNJSE0wb2dLRUlDQWdJRGFzYXk2Qmc.,2019-05,False,False,0,0,"{""traffic_lights"": [], ""stop_signs"": []}"
pt_000120_arm0_offset15.jpg,pt_000120,30,39.95281908890834,-75.15807800947486,0,195,f42rIuy-tvAvwv4fNnNGrg,2025-05,False,False,0,0,"{""traffic_lights"": [], ""stop_signs"": []}"
pt_000121_arm90_offset15.jpg,pt_000121,30,39.95276259885183,-75.15800879589383,90,285,KfmrOqTqJCy40Pg6alHofQ,2025-05,True,False,1,0,"{""traffic_lights"": [{""confidence"": 0.6768827438354492, ""class"": ""traffic light"", ""bbox"": [137.63656616210938, 263.88427734375, 146.82949829101562, 285.35205078125]}], ""stop_signs"": []}"
pt_000122_arm180_offset15.jpg,pt_000122,30,39.952709331476015,-75.15808219665999,180,15,C7W1OBpE3jmJlP9vrEBMNA,2025-05,False,False,0,0,"{""traffic_lights"": [], ""stop_signs"": []}"
pt_000123_arm270_offset15.jpg,pt_000123,30,39.95276582148833,-75.15815141024778,270,105,jw6H475GxJBGVJt-8xD8cg,2025-05,True,False,1,0,"{""traffic_lights"": [{""confidence"": 0.6631059050559998, ""class"": ""traffic light"", ""bbox"": [359.772705078125, 274.66162109375, 368.143798828125, 297.37286376953125]}], ""stop_signs"": []}"
pt_000124_arm0_offset15.jpg,pt_000124,31,39.95282740687547,-75.16130889381725,0,195,7mock-AzFXNAE4W5i7og7A,2025-10,False,False,0,0,"{""traffic_lights"": [], ""stop_signs"": []}"
pt_000125_arm90_offset15.jpg,pt_000125,31,39.9527709187645,-75.16123967754088,90,285,c8Mw10zyXbYgX7TjjILzmA,2025-04,False,True,0,1,"{""traffic_lights"": [], ""stop_signs"": [{""confidence"": 0.7870274782180786, ""class"": ""stop sign"", ""bbox"": [382.78875732421875, 263.4779052734375, 417.4144287109375, 302.6502685546875]}]}"
pt_000126_arm180_offset15.jpg,pt_000126,31,39.95271764931895,-75.16131307578233,180,15,c8Mw10zyXbYgX7TjjILzmA,2025-04,False,False,0,0,"{""traffic_lights"": [], ""stop_signs"": []}"
pt_000127_arm270_offset15.jpg,pt_000127,31,39.9527741373857,-75.16138229206547,270,105,B0dHy53EA_6W-RoQs-netw,2025-10,False,False,0,0,"{""traffic_lights"": [], ""stop_signs"": []}"
pt_000128_arm0_offset15.jpg,pt_000128,32,39.95262923223215,-75.15650289369083,0,195,T-GP375zZB7zzoxsui4A1w,2025-05,True,False,1,0,"{""traffic_lights"": [{""confidence"": 0.5809288620948792, ""class"": ""traffic light"", ""bbox"": [383.6387634277344, 281.0819091796875, 391.5947570800781, 299.66497802734375]}], ""stop_signs"": []}"
pt_000129_arm90_offset15.jpg,pt_000129,32,39.95257274122718,-75.15643368161317,90,285,-A_G_hiydxN3pwE6AL8Nsw,2025-05,True,False,2,0,"{""traffic_lights"": [{""confidence"": 0.685168445110321, ""class"": ""traffic light"", ""bbox"": [95.34635162353516, 264.85247802734375, 109.31192779541016, 290.78009033203125]}, {""confidence"": 0.5135926604270935, ""class"": ""traffic light"", ""bbox"": [345.3141784667969, 222.18710327148438, 357.7532653808594, 253.01565551757812]}], ""stop_signs"": []}"
pt_000130_arm180_offset15.jpg,pt_000130,32,39.95251947485994,-75.15650708340937,180,15,V8f7-Qf6ps6PpGVGam8gWA,2025-05,True,False,1,0,"{""traffic_lights"": [{""confidence"": 0.8634744882583618, ""class"": ""traffic light"", ""bbox"": [439.2107238769531, 276.9554443359375, 450.5994567871094, 298.2877197265625]}], ""stop_signs"": []}"
pt_000131_arm270_offset15.jpg,pt_000131,32,39.95257596582072,-75.15657629549378,270,105,O2jhbBq1qz4J2GcATSW8oA,2025-05,True,False,3,0,"{""traffic_lights"": [{""confidence"": 0.6031402349472046, ""class"": ""traffic light"", ""bbox"": [151.04629516601562, 273.0440673828125, 159.74600219726562, 292.350341796875]}, {""confidence"": 0.5681554079055786, ""class"": ""traffic light"", ""bbox"": [441.59130859375, 265.47296142578125, 454.48358154296875, 294.64495849609375]}, {""confidence"": 0.5442741513252258, ""class"": ""traffic light"", ""bbox"": [352.1270751953125, 276.57696533203125, 359.4464111328125, 297.37408447265625]}], ""stop_signs"": []}"
pt_000132_arm0_offset15.jpg,pt_000132,33,39.95242816675067,-75.15493221749878,0,195,D8UkUoTCPNvARAIRD2CTGA,2025-05,False,False,0,0,"{""traffic_lights"": [], ""stop_signs"": []}"
pt_000133_arm90_offset15.jpg,pt_000133,33,39.95237167479991,-75.15486300693226,90,285,eIylOGshqsPsXw9_8US_Fw,2024-10,False,True,0,1,"{""traffic_lights"": [], ""stop_signs"": [{""confidence"": 0.6985536217689514, ""class"": ""stop sign"", ""bbox"": [338.47052001953125, 309.03948974609375, 351.82635498046875, 323.80157470703125]}]}"
pt_000134_arm180_offset15.jpg,pt_000134,33,39.952318409438426,-75.15493640974285,180,15,bWbQLyq_R_SLNtZzB1RaDg,2024-10,False,False,0,0,"{""traffic_lights"": [], ""stop_signs"": []}"
pt_000135_arm270_offset15.jpg,pt_000135,33,39.95237490134498,-75.15500562031613,270,105,bWbQLyq_R_SLNtZzB1RaDg,2024-10,False,True,0,1,"{""traffic_lights"": [], ""stop_signs"": [{""confidence"": 0.6704477667808533, ""class"": ""stop sign"", ""bbox"": [539.0911865234375, 290.9805908203125, 566.4385986328125, 329.2257080078125]}]}"
pt_000136_arm0_offset15.jpg,pt_000136,34,39.95231025452897,-75.16260662142687,0,195,CAoSF0NJSE0wb2dLRUlDQWdJRGFtZHZDcEFF,2020-06,False,False,0,0,"{""traffic_lights"": [], ""stop_signs"": []}"
pt_000137_arm90_offset15.jpg,pt_000137,34,39.95225376719947,-75.16253740459831,90,285,CAoSFkNJSE0wb2dLRUlDQWdJREVnWktfS2c.,2017-08,True,False,1,0,"{""traffic_lights"": [{""confidence"": 0.8353044986724854, ""class"": ""traffic light"", ""bbox"": [504.3417663574219, 82.49118041992188, 577.01806640625, 256.77398681640625]}], ""stop_signs"": []}"
pt_000138_arm180_offset15.jpg,pt_000138,34,39.95220049692127,-75.16261080126324,180,15,FRnlLlRCg0cJkVkGL_E6sA,2025-10,True,False,4,0,"{""traffic_lights"": [{""confidence"": 0.8353099226951599, ""class"": ""traffic light"", ""bbox"": [590.8349609375, 239.8955078125, 609.861328125, 278.83465576171875]}, {""confidence"": 0.7510355710983276, ""class"": ""traffic light"", ""bbox"": [445.20733642578125, 255.82415771484375, 457.63409423828125, 284.19952392578125]}, {""confidence"": 0.6899418830871582, ""class"": ""traffic light"", ""bbox"": [69.10575866699219, 254.96682739257812, 82.49479675292969, 284.2897033691406]}, {""confidence"": 0.5901279449462891, ""class"": ""traffic light"", ""bbox"": [412.52789306640625, 257.76611328125, 423.02618408203125, 288.539306640625]}], ""stop_signs"": []}"
pt_000139_arm270_offset15.jpg,pt_000139,34,39.95225698420656,-75.16268001809857,270,105,bqN0-Z1t-TUo1fSj88Mjdg,2025-05,True,False,3,0,"{""traffic_lights"": [{""confidence"": 0.7744494676589966, ""class"": ""traffic light"", ""bbox"": [335.3857421875, 271.1402587890625, 347.80224609375, 293.9708251953125]}, {""confidence"": 0.5734533071517944, ""class"": ""traffic light"", ""bbox"": [265.02740478515625, 250.00973510742188, 277.76788330078125, 281.0190124511719]}, {""confidence"": 0.5172146558761597, ""class"": ""traffic light"", ""bbox"": [77.7629623413086, 283.6392822265625, 88.9566879272461, 303.2047119140625]}], ""stop_signs"": []}"
pt_000140_arm0_offset15.jpg,pt_000140,35,39.951976407978805,-75.1598852073447,0,195,CAoSF0NJSE0wb2dLRUlDQWdJRGF5YXl6dndF,2020-06,False,False,0,0,"{""traffic_lights"": [], ""stop_signs"": []}"
pt_000141_arm90_offset15.jpg,pt_000141,35,39.951919919010514,-75.15981599311941,90,285,nnblAsYLIEJGqnF2ZYSG-g,2025-10,True,False,2,0,"{""traffic_lights"": [{""confidence"": 0.8257843255996704, ""class"": ""traffic light"", ""bbox"": [352.4869689941406, 219.6346435546875, 363.8226013183594, 245.3707275390625]}, {""confidence"": 0.7742457985877991, ""class"": ""traffic light"", ""bbox"": [281.6915283203125, 218.02432250976562, 300.8721923828125, 249.108642578125]}], ""stop_signs"": []}"
pt_000142_arm180_offset15.jpg,pt_000142,35,39.95186665047484,-75.15988939155781,180,15,CAoSF0NJSE0wb2dLRUlDQWdJRDQ2NW5DeWdF,2019-04,False,False,0,0,"{""traffic_lights"": [], ""stop_signs"": []}"
pt_000143_arm270_offset15.jpg,pt_000143,35,39.951923139398914,-75.15995860578984,270,105,b9Y_9yBpWOBSAQpBYgkY3A,2025-10,True,False,1,0,"{""traffic_lights"": [{""confidence"": 0.6629339456558228, ""class"": ""traffic light"", ""bbox"": [454.3096008300781, 225.91830444335938, 464.8635559082031, 251.2330322265625]}], ""stop_signs"": []}"
pt_000144_arm0_offset15.jpg,pt_000144,36,39.95177738910461,-75.15830713677464,0,195,cdhqFbhOqGNbp8RzVGp39Q,2025-05,False,False,0,0,"{""traffic_lights"": [], ""stop_signs"": []}"
pt_000145_arm90_offset15.jpg,pt_000145,36,39.95172089918607,-75.1582379240645,90,285,cdhqFbhOqGNbp8RzVGp39Q,2025-05,True,False,2,0,"{""traffic_lights"": [{""confidence"": 0.8019490242004395, ""class"": ""traffic light"", ""bbox"": [352.6123046875, 163.99273681640625, 367.95257568359375, 205.730712890625]}, {""confidence"": 0.6783131957054138, ""class"": ""traffic light"", ""bbox"": [251.36529541015625, 156.96292114257812, 268.435546875, 200.82638549804688]}], ""stop_signs"": []}"
pt_000146_arm180_offset15.jpg,pt_000146,36,39.95166763166084,-75.15831132352534,180,15,gnenEhJxMnoYsKHRM1QQow,2025-05,True,False,2,0,"{""traffic_lights"": [{""confidence"": 0.6595874428749084, ""class"": ""traffic light"", ""bbox"": [8.304752349853516, 189.36614990234375, 25.914329528808594, 221.83746337890625]}, {""confidence"": 0.6384444236755371, ""class"": ""traffic light"", ""bbox"": [191.49356079101562, 281.91558837890625, 200.16812133789062, 301.5838623046875]}], ""stop_signs"": []}"
pt_000147_arm270_offset15.jpg,pt_000147,36,39.95172412153519,-75.15838053624225,270,105,NSQFNyabMLl1iLa6lJ9WYA,2025-10,True,False,2,0,"{""traffic_lights"": [{""confidence"": 0.7862508893013, ""class"": ""traffic light"", ""bbox"": [405.3733215332031, 240.1158447265625, 415.2124328613281, 261.11566162109375]}, {""confidence"": 0.6163271069526672, ""class"": ""traffic light"", ""bbox"": [356.56304931640625, 239.5457763671875, 366.32989501953125, 264.54840087890625]}], ""stop_signs"": []}"
pt_000148_arm0_offset15.jpg,pt_000148,37,39.951591258968456,-75.15673540854853,0,195,TFrmrsDO9IcLOarl3pRUMw,2025-05,False,False,0,0,"{""traffic_lights"": [], ""stop_signs"": []}"
pt_000149_arm90_offset15.jpg,pt_000149,37,39.95153476810346,-75.15666619733511,90,285,9jL9uOLVU3DiGClB0rK7Zw,2016-06,True,False,2,0,"{""traffic_lights"": [{""confidence"": 0.7824589610099792, ""class"": ""traffic light"", ""bbox"": [333.74530029296875, 244.67080688476562, 343.477783203125, 267.4642028808594]}, {""confidence"": 0.7513582110404968, ""class"": ""traffic light"", ""bbox"": [278.27001953125, 244.18601989746094, 291.5084228515625, 270.6634521484375]}], ""stop_signs"": []}"
pt_000150_arm180_offset15.jpg,pt_000150,37,39.951481501584674,-75.15673959782735,180,15,mq9JvLWGOn3XaKjzGMWKOQ,2025-05,False,False,0,0,"{""traffic_lights"": [], ""stop_signs"": []}"
pt_000151_arm270_offset15.jpg,pt_000151,37,39.95153799240545,-75.15680880904753,270,105,rQAffB3KLk_Abk_n5rgwAg,2024-10,True,False,1,0,"{""traffic_lights"": [{""confidence"": 0.5278142690658569, ""class"": ""traffic light"", ""bbox"": [462.88116455078125, 251.30453491210938, 471.92791748046875, 271.6856994628906]}], ""stop_signs"": []}"
pt_000152_arm0_offset15.jpg,pt_000152,38,39.95158793502284,-75.16287634294827,0,195,Viet8lugc-5Wzb__GYpppA,2025-10,False,False,0,0,"{""traffic_lights"": [], ""stop_signs"": []}"
pt_000153_arm90_offset15.jpg,pt_000153,38,39.95153144785576,-75.16280712663144,90,285,CAoSF0NJSE0wb2dLRUlDQWdJQ1U2cXVzMlFF,2019-06,False,False,0,0,"{""traffic_lights"": [], ""stop_signs"": []}"
pt_000154_arm180_offset15.jpg,pt_000154,38,39.95147817740296,-75.16288052230436,180,15,G9GbGUFiUJ0bARuhVIr_5g,2025-04,False,False,0,0,"{""traffic_lights"": [], ""stop_signs"": []}"
pt_000155_arm270_offset15.jpg,pt_000155,38,39.95153466452584,-75.16294973862796,270,105,xxTxbVkZiOhzSquS7CFzHw,2025-10,False,False,0,0,"{""traffic_lights"": [], ""stop_signs"": []}"
pt_000156_arm0_offset15.jpg,pt_000156,39,39.95138786679306,-75.15515857168953,0,195,J78vT1szo8XADeOd6e-QkA,2024-10,False,False,0,0,"{""traffic_lights"": [], ""stop_signs"": []}"
pt_000157_arm90_offset15.jpg,pt_000157,39,39.95133137497861,-75.1550893619947,90,285,uW1ii1_oRGO4_j_WosWm-Q,2024-10,True,False,2,0,"{""traffic_lights"": [{""confidence"": 0.6982485055923462, ""class"": ""traffic light"", ""bbox"": [392.0484619140625, 250.69725036621094, 401.4683837890625, 269.830078125]}, {""confidence"": 0.6123872995376587, ""class"": ""traffic light"", ""bbox"": [623.3316040039062, 281.5570068359375, 636.0044555664062, 303.48956298828125]}], ""stop_signs"": []}"
pt_000158_arm180_offset15.jpg,pt_000158,39,39.95127810946949,-75.15516276350364,180,15,DXgcuBxTOA8IV_LG4iDPFw,2024-10,True,False,1,0,"{""traffic_lights"": [{""confidence"": 0.5165199637413025, ""class"": ""traffic light"", ""bbox"": [18.311176300048828, 184.67324829101562, 40.08115768432617, 218.88235473632812]}], ""stop_signs"": []}"
pt_000159_arm270_offset15.jpg,pt_000159,39,39.95133460123976,-75.15523197320523,270,105,7iMkO42y7BGEwWGrUA6Q9A,2023-04,True,False,2,0,"{""traffic_lights"": [{""confidence"": 0.8230944871902466, ""class"": ""traffic light"", ""bbox"": [350.8919677734375, 257.546142578125, 360.5224609375, 279.25933837890625]}, {""confidence"": 0.5657938718795776, ""class"": ""traffic light"", ""bbox"": [394.63525390625, 258.02410888671875, 403.62652587890625, 276.07537841796875]}], ""stop_signs"": []}"
pt_000160_arm0_offset15.jpg,pt_000160,40,39.95622189762108,-75.1621171784061,0,195,Wzou0ClMKGhkc8wGIwkH3A,2025-05,False,False,0,0,"{""traffic_lights"": [], ""stop_signs"": []}"
pt_000161_arm90_offset15.jpg,pt_000161,40,39.956165409997006,-75.1620479579984,90,285,zSJ-DYquE0vC0fqx8dK6kQ,2025-10,False,False,0,0,"{""traffic_lights"": [], ""stop_signs"": []}"
pt_000162_arm180_offset15.jpg,pt_000162,40,39.956112140042286,-75.16212135927404,180,15,K4u96jdsLPa91VKW8yC5hA,2025-10,False,True,0,1,"{""traffic_lights"": [], ""stop_signs"": [{""confidence"": 0.6131607294082642, ""class"": ""stop sign"", ""bbox"": [314.6014404296875, 276.47113037109375, 336.1260986328125, 298.00323486328125]}]}"
pt_000163_arm270_offset15.jpg,pt_000163,40,39.95616862762216,-75.16219057968851,270,105,K4u96jdsLPa91VKW8yC5hA,2025-10,False,False,0,0,"{""traffic_lights"": [], ""stop_signs"": []}"
pt_000164_arm0_offset15.jpg,pt_000164,41,39.95616271606515,-75.16163244273996,0,195,FSJi9FO4u3RqXWPoQOBO1g,2025-05,False,False,0,0,"{""traffic_lights"": [], ""stop_signs"": []}"
pt_000165_arm90_offset15.jpg,pt_000165,41,39.95610622814919,-75.16156322279568,90,285,pqTyIkp3SDCzhd1p6o-xTg,2025-10,False,False,0,0,"{""traffic_lights"": [], ""stop_signs"": []}"
pt_000166_arm180_offset15.jpg,pt_000166,41,39.95605295850485,-75.16163662438754,180,15,O_6Mtbw4dZMKZRYsREu4OQ,2025-10,False,False,0,0,"{""traffic_lights"": [], ""stop_signs"": []}"
pt_000167_arm270_offset15.jpg,pt_000167,41,39.956109446376615,-75.16170584433856,270,105,O_6Mtbw4dZMKZRYsREu4OQ,2025-10,False,False,0,0,"{""traffic_lights"": [], ""stop_signs"": []}"
pt_000168_arm0_offset15.jpg,pt_000168,42,39.956031103811824,-75.1606117643291,0,195,_niWniHQZkRFRGb7CzEq-Q,2025-04,False,False,0,0,"{""traffic_lights"": [], ""stop_signs"": []}"
pt_000169_arm90_offset15.jpg,pt_000169,42,39.95597461528123,-75.16054254536779,90,285,fiYPhOpvGztwjqlMvGnuUA,2025-10,False,False,0,0,"{""traffic_lights"": [], ""stop_signs"": []}"
pt_000170_arm180_offset15.jpg,pt_000170,42,39.9559213462904,-75.1606159476179,180,15,5OLXT9vWgs5caCSuTTC6Yw,2025-05,False,False,0,0,"{""traffic_lights"": [], ""stop_signs"": []}"
pt_000171_arm270_offset15.jpg,pt_000171,42,39.95597783477682,-75.16068516658596,270,105,Z2Ei4KOrvYy8c2XLGApn4g,2025-10,False,False,0,0,"{""traffic_lights"": [], ""stop_signs"": []}"
pt_000172_arm0_offset15.jpg,pt_000172,43,39.95592698725661,-75.15982801924464,0,195,CAoSF0NJSE0wb2dLRUlDQWdJRGFtWmJ1M3dF,2019-06,False,False,0,0,"{""traffic_lights"": [], ""stop_signs"": []}"
pt_000173_arm90_offset15.jpg,pt_000173,43,39.95587049825406,-75.15975880104124,90,285,73D8D77Ct2rNsWPZWPVQQw,2025-10,False,False,0,0,"{""traffic_lights"": [], ""stop_signs"": []}"
pt_000174_arm180_offset15.jpg,pt_000174,43,39.95581722976506,-75.15983220379348,180,15,73D8D77Ct2rNsWPZWPVQQw,2025-10,False,False,0,0,"{""traffic_lights"": [], ""stop_signs"": []}"
pt_000175_arm270_offset15.jpg,pt_000175,43,39.95587371872343,-75.15990142200366,270,105,H-SgAq_n1vnlcldyf3aGMQ,2025-10,False,False,0,0,"{""traffic_lights"": [], ""stop_signs"": []}"
pt_000176_arm0_offset15.jpg,pt_000176,44,39.95583078079287,-75.15904164365054,0,195,cGsOI3N1GRIx88C2kvJG_g,2024-10,True,False,1,0,"{""traffic_lights"": [{""confidence"": 0.5744569897651672, ""class"": ""traffic light"", ""bbox"": [158.65771484375, 265.13134765625, 170.26226806640625, 293.51971435546875]}], ""stop_signs"": []}"
pt_000177_arm90_offset15.jpg,pt_000177,44,39.95577429131677,-75.15897242619916,90,285,pA5BdFqDxJX4glLZzE9UyQ,2025-05,False,False,0,0,"{""traffic_lights"": [], ""stop_signs"": []}"
pt_000178_arm180_offset15.jpg,pt_000178,44,39.95572102333129,-75.15904582946416,180,15,e-9W9cSAt8B9CItTEAH9qA,2025-10,True,True,1,1,"{""traffic_lights"": [{""confidence"": 0.7165027260780334, ""class"": ""traffic light"", ""bbox"": [622.892333984375, 266.8785400390625, 636.61572265625, 291.5894775390625]}], ""stop_signs"": [{""confidence"": 0.6762028336524963, ""class"": ""stop sign"", ""bbox"": [448.6673583984375, 295.7536926269531, 463.0989990234375, 311.8890075683594]}]}"
pt_000179_arm270_offset15.jpg,pt_000179,44,39.9557775127632,-75.15911504692228,270,105,YzTRJ3cPdjZFGiHlrohU_Q,2025-10,False,False,0,0,"{""traffic_lights"": [], ""stop_signs"": []}"
pt_000180_arm0_offset15.jpg,pt_000180,45,39.95693383643015,-75.16146449224776,0,195,zVq5ZwbVMWp8Jft7jE0abA,2025-05,False,False,0,0,"{""traffic_lights"": [], ""stop_signs"": []}"
pt_000181_arm90_offset15.jpg,pt_000181,45,39.95687734841309,-75.16139527165731,90,285,ExTKb4RUbrQxcXd_8RfqeA,2025-05,False,False,0,0,"{""traffic_lights"": [], ""stop_signs"": []}"
pt_000182_arm180_offset15.jpg,pt_000182,45,39.95682407887835,-75.1614686742142,180,15,wqo40oPftL1gPljtLv04jQ,2025-05,False,False,0,0,"{""traffic_lights"": [], ""stop_signs"": []}"
pt_000183_arm270_offset15.jpg,pt_000183,45,39.95688056685118,-75.16153789481143,270,105,ExTKb4RUbrQxcXd_8RfqeA,2025-05,False,False,0,0,"{""traffic_lights"": [], ""stop_signs"": []}"
pt_000184_arm0_offset15.jpg,pt_000184,46,39.95680795635549,-75.16044406408025,0,195,j_OXQIP4QM2ZjiWbILpQQg,2025-04,False,False,0,0,"{""traffic_lights"": [], ""stop_signs"": []}"
pt_000185_arm90_offset15.jpg,pt_000185,46,39.95675146772397,-75.16037484446674,90,285,j_OXQIP4QM2ZjiWbILpQQg,2025-04,False,False,0,0,"{""traffic_lights"": [], ""stop_signs"": []}"
pt_000186_arm180_offset15.jpg,pt_000186,46,39.9566981988426,-75.1604482476879,180,15,4ZRAW59lsBN4MyZMZIqyrA,2025-04,False,False,0,0,"{""traffic_lights"": [], ""stop_signs"": []}"
pt_000187_arm270_offset15.jpg,pt_000187,46,39.95675468742992,-75.16051746730818,270,105,sWCXWlY1visYTHXUvKuN3g,2025-05,False,False,0,0,"{""traffic_lights"": [], ""stop_signs"": []}"
pt_000188_arm0_offset15.jpg,pt_000188,47,39.956519696022255,-75.16155324018538,0,195,cw_OaYxZa5a0AsfmzGb3Kw,2025-05,False,False,0,0,"{""traffic_lights"": [], ""stop_signs"": []}"
pt_000189_arm90_offset15.jpg,pt_000189,47,39.95646320805865,-75.16148401994317,90,285,r2tL21qBYrHA8efJjBJlEA,2025-05,False,False,0,0,"{""traffic_lights"": [], ""stop_signs"": []}"
pt_000190_arm180_offset15.jpg,pt_000190,47,39.95640993846597,-75.16155742198292,180,15,r2tL21qBYrHA8efJjBJlEA,2025-05,False,False,0,0,"{""traffic_lights"": [], ""stop_signs"": []}"
pt_000191_arm270_offset15.jpg,pt_000191,47,39.9564664263854,-75.16162664223188,270,105,r2tL21qBYrHA8efJjBJlEA,2025-05,False,False,0,0,"{""traffic_lights"": [], ""stop_signs"": []}"
pt_000192_arm0_offset15.jpg,pt_000192,48,39.956368843903526,-75.15845926559145,0,195,umQyDIQYPcbwzcAQzlS45Q,2020-11,False,False,0,0,"{""traffic_lights"": [], ""stop_signs"": []}"
pt_000193_arm90_offset15.jpg,pt_000193,48,39.95631235407678,-75.15839004807611,90,285,umQyDIQYPcbwzcAQzlS45Q,2020-11,False,False,0,0,"{""traffic_lights"": [], ""stop_signs"": []}"
pt_000194_arm180_offset15.jpg,pt_000194,48,39.95625908646579,-75.1584634523793,180,15,umQyDIQYPcbwzcAQzlS45Q,2020-11,False,False,0,0,"{""traffic_lights"": [], ""stop_signs"": []}"
pt_000195_arm270_offset15.jpg,pt_000195,48,39.956315576248336,-75.1585326699014,270,105,a8N-2hPHlQffdQudsuMZuA,2020-11,False,False,0,0,"{""traffic_lights"": [], ""stop_signs"": []}"
pt_000196_arm0_offset15.jpg,pt_000196,49,39.956427135621446,-75.15891146835338,0,195,1HeRCFUO5YtRnPRyQ1__YQ,2024-10,False,False,0,0,"{""traffic_lights"": [], ""stop_signs"": []}"
pt_000197_arm90_offset15.jpg,pt_000197,49,39.95637064606701,-75.15884225040254,90,285,uOME6KznOMyK8cjOXLIZCA,2020-11,False,False,0,0,"{""traffic_lights"": [], ""stop_signs"": []}"
pt_000198_arm180_offset15.jpg,pt_000198,49,39.95631737816645,-75.15891565441409,180,15,qdvnIPSqCnmEUcvY4nGmUg,2024-10,False,False,0,0,"{""traffic_lights"": [], ""stop_signs"": []}"
pt_000199_arm270_offset15.jpg,pt_000199,49,39.95637386767671,-75.15898487237169,270,105,1HeRCFUO5YtRnPRyQ1__YQ,2024-10,False,False,0,0,"{""traffic_lights"": [], ""stop_signs"": []}"
pt_000200_arm0_offset15.jpg,pt_000200,50,39.95632427200767,-75.15810779977636,0,195,TjopgS2i1g9okW2XkMnVsQ,2020-11,False,False,0,0,"{""traffic_lights"": [], ""stop_signs"": []}"
pt_000201_arm90_offset15.jpg,pt_000201,50,39.95626778196929,-75.15803858259875,90,285,22C-X5aeYSA24fJqJj4I6w,2020-11,False,False,0,0,"{""traffic_lights"": [], ""stop_signs"": []}"
pt_000202_arm180_offset15.jpg,pt_000202,50,39.95621451458334,-75.1581119871294,180,15,22C-X5aeYSA24fJqJj4I6w,2020-11,False,False,0,0,"{""traffic_lights"": [], ""stop_signs"": []}"
pt_000203_arm270_offset15.jpg,pt_000203,50,39.95627100457752,-75.15818120431378,270,105,z6DiYhDLjrqbuwToIm35kg,2020-11,False,False,0,0,"{""traffic_lights"": [], ""stop_signs"": []}"
pt_000204_arm0_offset15.jpg,pt_000204,51,39.95629697933303,-75.1597471698254,0,195,hVzXTv5NxiXj-uD-ioL9XQ,2025-05,False,False,0,0,"{""traffic_lights"": [], ""stop_signs"": []}"
pt_000205_arm90_offset15.jpg,pt_000205,51,39.95624049028181,-75.15967795131219,90,285,SK3nwCfaAn5iPQLqzW2-jQ,2016-10,False,True,0,1,"{""traffic_lights"": [], ""stop_signs"": [{""confidence"": 0.9086093902587891, ""class"": ""stop sign"", ""bbox"": [0.07700729370117188, 313.44329833984375, 35.923099517822266, 405.88311767578125]}]}"
pt_000206_arm180_offset15.jpg,pt_000206,51,39.95618722184556,-75.15975135452769,180,15,LLJiqHkwRa7Kgl7WLoRgEA,2025-05,False,False,0,0,"{""traffic_lights"": [], ""stop_signs"": []}"
pt_000207_arm270_offset15.jpg,pt_000207,51,39.956243710852576,-75.15982057304765,270,105,7geyncH6zDvx_qHBdZwAHw,2025-05,False,True,0,1,"{""traffic_lights"": [], ""stop_signs"": [{""confidence"": 0.9189733266830444, ""class"": ""stop sign"", ""bbox"": [0.13401412963867188, 172.43685913085938, 49.69491958618164, 251.13751220703125]}]}"
pt_000208_arm0_offset15.jpg,pt_000208,52,39.9571038545588,-75.15956929430591,0,195,CAoSFkNJSE0wb2dLRUlDQWdJRGFzZjdaSEE.,2019-05,False,False,0,0,"{""traffic_lights"": [], ""stop_signs"": []}"
pt_000209_arm90_offset15.jpg,pt_000209,52,39.95704736540052,-75.15950007511834,90,285,kewU7Tvq4XpmbhtsG9lU8A,2025-05,False,False,0,0,"{""traffic_lights"": [], ""stop_signs"": []}"
pt_000210_arm180_offset15.jpg,pt_000210,52,39.9569940970803,-75.15957347934533,180,15,qN30kT_qQ3ju8VzPGrGkwg,2025-05,False,False,0,0,"{""traffic_lights"": [], ""stop_signs"": []}"
pt_000211_arm270_offset15.jpg,pt_000211,52,39.95705058619436,-75.15964269853964,270,105,Dw_bD2eYCeqZ6SQY3uF6Pg,2025-05,False,False,0,0,"{""traffic_lights"": [], ""stop_signs"": []}"
pt_000212_arm0_offset15.jpg,pt_000212,53,39.9563926878941,-75.16052931120531,0,195,MPXkA0Eg0iYbsSikY-cnBA,2025-04,False,False,0,0,"{""traffic_lights"": [], ""stop_signs"": []}"
pt_000213_arm90_offset15.jpg,pt_000213,53,39.956336199313874,-75.16046009194407,90,285,cDGkTCkVggyn47hOcxwfWw,2025-05,False,False,0,0,"{""traffic_lights"": [], ""stop_signs"": []}"
pt_000214_arm180_offset15.jpg,pt_000214,53,39.95628293037681,-75.16053349464961,180,15,s7XpDcqu-_UysQ8rIi8j9g,2025-04,False,False,0,0,"{""traffic_lights"": [], ""stop_signs"": []}"
pt_000215_arm270_offset15.jpg,pt_000215,53,39.95633941891283,-75.1606027139176,270,105,CAoSFkNJSE0wb2dLRUlDQWdJQzRvcEwzTFE.,2015-01,False,False,0,0,"{""traffic_lights"": [], ""stop_signs"": []}"
pt_000216_arm0_offset15.jpg,pt_000216,54,39.956202671443656,-75.15896261551522,0,195,FmLjGTWPXBp2vTlurahBdw,2024-10,False,False,0,0,"{""traffic_lights"": [], ""stop_signs"": []}"
pt_000217_arm90_offset15.jpg,pt_000217,54,39.956146181920005,-75.15889339775059,90,285,MsEKQF1K3_lJk8rwjmTmlA,2024-10,False,False,0,0,"{""traffic_lights"": [], ""stop_signs"": []}"
pt_000218_arm180_offset15.jpg,pt_000218,54,39.956092913986105,-75.15896680147947,180,15,MsEKQF1K3_lJk8rwjmTmlA,2024-10,False,False,0,0,"{""traffic_lights"": [], ""stop_signs"": []}"
pt_000219_arm270_offset15.jpg,pt_000219,54,39.95614940346557,-75.15903601925083,270,105,MsEKQF1K3_lJk8rwjmTmlA,2024-10,False,False,0,0,"{""traffic_lights"": [], ""stop_signs"": []}"
pt_000220_arm0_offset15.jpg,pt_000220,55,39.95572983234485,-75.15823628949632,0,195,CAoSFkNJSE0wb2dLRUlDQWdJRGE2YUxaSWc.,2019-06,False,False,0,0,"{""traffic_lights"": [], ""stop_signs"": []}"
pt_000221_arm90_offset15.jpg,pt_000221,55,39.9556733423838,-75.1581670728176,90,285,B8G9QGi8VY0i8OoksVw52w,2025-05,False,False,0,0,"{""traffic_lights"": [], ""stop_signs"": []}"
pt_000223_arm270_offset15.jpg,pt_000223,55,39.95567656483086,-75.15830969329055,270,105,CAoSF0NJSE0wb2dLRUlDQWdJRGFtZVNIb2dF,2019-06,False,False,0,0,"{""traffic_lights"": [], ""stop_signs"": []}"
pt_000224_arm0_offset15.jpg,pt_000224,56,39.957450943744895,-75.16031308890565,0,195,FhHaMXLnI_UNx3Xfudc2yA,2025-04,True,False,2,0,"{""traffic_lights"": [{""confidence"": 0.6819355487823486, ""class"": ""traffic light"", ""bbox"": [42.04164505004883, 271.65069580078125, 53.843814849853516, 293.81414794921875]}, {""confidence"": 0.6478613018989563, ""class"": ""traffic light"", ""bbox"": [409.51165771484375, 277.8678894042969, 418.00445556640625, 294.4692687988281]}], ""stop_signs"": []}"
pt_000225_arm90_offset15.jpg,pt_000225,56,39.95739445503456,-75.16024386874578,90,285,GlnN9C5Yy-vRe1rxfcucXg,2025-05,True,False,1,0,"{""traffic_lights"": [{""confidence"": 0.7626953125, ""class"": ""traffic light"", ""bbox"": [527.5531005859375, 181.87969970703125, 544.2711181640625, 216.81475830078125]}], ""stop_signs"": []}"
pt_000226_arm180_offset15.jpg,pt_000226,56,39.95734118623878,-75.16031727276452,180,15,LxuYk_UEBR0zNBOMcVCp2w,2025-04,True,False,1,0,"{""traffic_lights"": [{""confidence"": 0.8438346982002258, ""class"": ""traffic light"", ""bbox"": [266.375, 173.5396270751953, 284.42828369140625, 210.4413299560547]}], ""stop_signs"": []}"
pt_000227_arm270_offset15.jpg,pt_000227,56,39.9573976749049,-75.16038649293115,270,105,VC3Z1Vi48t8T2rXZiXwWVg,2025-05,True,False,2,0,"{""traffic_lights"": [{""confidence"": 0.8588642477989197, ""class"": ""traffic light"", ""bbox"": [204.1720733642578, 206.80282592773438, 218.65016174316406, 235.92379760742188]}, {""confidence"": 0.8124030828475952, ""class"": ""traffic light"", ""bbox"": [278.5078125, 210.30731201171875, 291.33837890625, 239.2244873046875]}], ""stop_signs"": []}"
pt_000228_arm0_offset15.jpg,pt_000228,57,39.957203667427166,-75.16035646804471,0,195,pvPUASkN8Nt_3CDKCW6KLA,2025-04,False,False,0,0,"{""traffic_lights"": [], ""stop_signs"": []}"
pt_000229_arm90_offset15.jpg,pt_000229,57,39.95714717874293,-75.16028724810076,90,285,9ccNjx_pjewj52X-JMQEhA,2025-05,True,False,1,0,"{""traffic_lights"": [{""confidence"": 0.5801562666893005, ""class"": ""traffic light"", ""bbox"": [528.47265625, 182.04788208007812, 547.7568359375, 214.71774291992188]}], ""stop_signs"": []}"
pt_000230_arm180_offset15.jpg,pt_000230,57,39.957093909918704,-75.16036065181825,180,15,suIEO-qFMOYLyRZ4zKKq3Q,2025-04,False,False,0,0,"{""traffic_lights"": [], ""stop_signs"": []}"
pt_000231_arm270_offset15.jpg,pt_000231,57,39.95715039855872,-75.16042987176895,270,105,CAoSFkNJSE0wb2dLRUlDQWdJRGFxYktBYXc.,2019-05,False,False,0,0,"{""traffic_lights"": [], ""stop_signs"": []}"
pt_000232_arm0_offset15.jpg,pt_000232,58,39.95700923963468,-75.15878200170357,0,195,8P-ky_mIatI8X-dAlPsKHQ,2025-05,False,False,0,0,"{""traffic_lights"": [], ""stop_signs"": []}"
pt_000233_arm90_offset15.jpg,pt_000233,58,39.95695275000232,-75.15871278326722,90,285,CAoSF0NJSE0wb2dLRUlDQWdJQ0NsSl93a1FF,2020-08,False,False,0,0,"{""traffic_lights"": [], ""stop_signs"": []}"
pt_000234_arm180_offset15.jpg,pt_000234,58,39.95689948218622,-75.15878618800939,180,15,UlXw0RK7nP9b0JwzX6Srag,2024-10,False,False,0,0,"{""traffic_lights"": [], ""stop_signs"": []}"
pt_000235_arm270_offset15.jpg,pt_000235,58,39.95695597177438,-75.1588554064525,270,105,HLwqJXq97fML6S8WBBCFgQ,2025-05,False,False,0,0,"{""traffic_lights"": [], ""stop_signs"": []}"
pt_000236_arm0_offset15.jpg,pt_000236,59,39.95473549343858,-75.15766322512408,0,195,ipwH-Jje15tCIihklWYP4Q,2025-05,False,False,0,0,"{""traffic_lights"": [], ""stop_signs"": []}"
pt_000237_arm90_offset15.jpg,pt_000237,59,39.95467900313238,-75.15759400993522,90,285,w6eXO-rrsQ0Hoh_hkfTcbg,2025-05,False,False,0,0,"{""traffic_lights"": [], ""stop_signs"": []}"
pt_000238_arm180_offset15.jpg,pt_000238,59,39.95462573602713,-75.15766741309757,180,15,l0pGWANIzqFZeX_4LLRWGg,2025-05,False,False,0,0,"{""traffic_lights"": [], ""stop_signs"": []}"
pt_000239_arm270_offset15.jpg,pt_000239,59,39.95468222628914,-75.1577366282932,270,105,l0pGWANIzqFZeX_4LLRWGg,2025-05,False,False,0,0,"{""traffic_lights"": [], ""stop_signs"": []}"
pt_000240_arm0_offset15.jpg,pt_000240,60,39.95725435915543,-75.1587113288557,0,195,I_jSeXvTaKC4zAgv8ZrfXQ,2025-05,True,False,1,0,"{""traffic_lights"": [{""confidence"": 0.7020617127418518, ""class"": ""traffic light"", ""bbox"": [150.94107055664062, 272.973388671875, 161.17889404296875, 296.57867431640625]}], ""stop_signs"": []}"
pt_000241_arm90_offset15.jpg,pt_000241,60,39.95719786948055,-75.15864211022833,90,285,oSheZyd4zBAw1eG-LGHeKg,2024-10,False,False,0,0,"{""traffic_lights"": [], ""stop_signs"": []}"
pt_000242_arm180_offset15.jpg,pt_000242,60,39.95714460171036,-75.15871551529081,180,15,iOi8oHVyoRKGtyF1cgCNJw,2025-05,True,False,1,0,"{""traffic_lights"": [{""confidence"": 0.7422652244567871, ""class"": ""traffic light"", ""bbox"": [576.2008666992188, 208.39895629882812, 594.3530883789062, 243.10305786132812]}], ""stop_signs"": []}"
pt_000243_arm270_offset15.jpg,pt_000243,60,39.957201091341055,-75.15878473392497,270,105,CAoSF0NJSE0wb2dLRUlDQWdJRGE2ZE91bmdF,2019-05,True,False,3,0,"{""traffic_lights"": [{""confidence"": 0.7618260383605957, ""class"": ""traffic light"", ""bbox"": [202.9188232421875, 234.03665161132812, 220.23828125, 266.7054748535156]}, {""confidence"": 0.6381900906562805, ""class"": ""traffic light"", ""bbox"": [597.30126953125, 294.83343505859375, 619.0445556640625, 332.26971435546875]}, {""confidence"": 0.5851141214370728, ""class"": ""traffic light"", ""bbox"": [311.1990661621094, 248.60089111328125, 324.3533630371094, 274.04034423828125]}], ""stop_signs"": []}"
pt_000244_arm0_offset15.jpg,pt_000244,61,39.95763674484919,-75.16178168945062,0,195,jQjke5vB_uO4IiCE2-4z9A,2024-10,False,False,0,0,"{""traffic_lights"": [], ""stop_signs"": []}"
pt_000245_arm90_offset15.jpg,pt_000245,61,39.95758025702324,-75.16171246788001,90,285,PGwOHptyULUx-ZuBhuXqKw,2024-10,False,False,0,0,"{""traffic_lights"": [], ""stop_signs"": []}"
pt_000246_arm180_offset15.jpg,pt_000246,61,39.95752698728711,-75.16178587094777,180,15,57aBDufMSCO_W_29Dlvyyw,2025-05,False,False,0,0,"{""traffic_lights"": [], ""stop_signs"": []}"
pt_000247_arm270_offset15.jpg,pt_000247,61,39.95758347506888,-75.16185509252512,270,105,hoNyXd_OXgRRXKqUeBuL3A,2025-05,False,False,0,0,"{""traffic_lights"": [], ""stop_signs"": []}"
pt_000248_arm0_offset15.jpg,pt_000248,62,39.957576119184566,-75.16132412938217,0,195,qbS__a3QW4j6CpnJrLYA-w,2025-05,False,False,0,0,"{""traffic_lights"": [], ""stop_signs"": []}"
pt_000249_arm90_offset15.jpg,pt_000249,62,39.95751963108308,-75.16125490825388,90,285,qbS__a3QW4j6CpnJrLYA-w,2025-05,False,False,0,0,"{""traffic_lights"": [], ""stop_signs"": []}"
pt_000250_arm180_offset15.jpg,pt_000250,62,39.95746636163992,-75.16132831161498,180,15,2EmniVc3NT7cDCwN3DFqkQ,2025-05,False,False,0,0,"{""traffic_lights"": [], ""stop_signs"": []}"
pt_000251_arm270_offset15.jpg,pt_000251,62,39.95752284969721,-75.16139753275003,270,105,SGjzzFto0WgOLz44w9uxtQ,2024-10,False,False,0,0,"{""traffic_lights"": [], ""stop_signs"": []}"
pt_000252_arm0_offset15.jpg,pt_000252,63,39.9575138848233,-75.16083325810853,0,195,K64ktiU3mUMCWzpSr8W4KQ,2024-10,False,False,0,0,"{""traffic_lights"": [], ""stop_signs"": []}"
pt_000253_arm90_offset15.jpg,pt_000253,63,39.95745739642619,-75.1607640374519,90,285,EvI-8mGvZl_osW-kyYX19g,2025-05,False,False,0,0,"{""traffic_lights"": [], ""stop_signs"": []}"
pt_000254_arm180_offset15.jpg,pt_000254,63,39.95740412729734,-75.16083744113071,180,15,-GCQCRL37TH4Edc1PrO_xw,2025-05,False,False,0,0,"{""traffic_lights"": [], ""stop_signs"": []}"
pt_000255_arm270_offset15.jpg,pt_000255,63,39.95746061565024,-75.1609066617941,270,105,n0OF_QEz7ML5-rH4vmQOtw,2025-05,False,False,0,0,"{""traffic_lights"": [], ""stop_signs"": []}"
pt_000256_arm0_offset15.jpg,pt_000256,64,39.9571524478421,-75.15792679542231,0,195,d4Bq9CrnmVv9oG-YrnniVQ,2024-10,False,False,0,0,"{""traffic_lights"": [], ""stop_signs"": []}"
pt_000257_arm90_offset15.jpg,pt_000257,64,39.95709595769476,-75.15785757755127,90,285,G8Jkqo6bmb5PMd5gd0M4Iw,2024-10,False,False,0,0,"{""traffic_lights"": [], ""stop_signs"": []}"
pt_000258_arm180_offset15.jpg,pt_000258,64,39.95704269042693,-75.15793098311889,180,15,5TcKAzPcrbs9uBqO6ljGFQ,2020-11,False,False,0,0,"{""traffic_lights"": [], ""stop_signs"": []}"
pt_000259_arm270_offset15.jpg,pt_000259,64,39.95709918053003,-75.15800020099671,270,105,d4Bq9CrnmVv9oG-YrnniVQ,2024-10,False,False,0,0,"{""traffic_lights"": [], ""stop_signs"": []}"
pt_000260_arm0_offset15.jpg,pt_000260,65,39.957197882495,-75.15827628366137,0,195,irzjBeTUlCdB5u4qEaLHKQ,2024-10,False,False,0,0,"{""traffic_lights"": [], ""stop_signs"": []}"
pt_000261_arm90_offset15.jpg,pt_000261,65,39.957141392558135,-75.15820706545335,90,285,wQcLtR0FsEm5ZE_yYM8Fgw,2024-10,False,False,0,0,"{""traffic_lights"": [], ""stop_signs"": []}"
pt_000262_arm180_offset15.jpg,pt_000262,65,39.9570881250665,-75.158280470796,180,15,KtyxJi-8oR0c-Qjb8ysNlQ,2019-09,False,True,0,1,"{""traffic_lights"": [], ""stop_signs"": [{""confidence"": 0.9180125594139099, ""class"": ""stop sign"", ""bbox"": [468.47747802734375, 286.9880065917969, 514.9065551757812, 332.2059631347656]}]}"
pt_000263_arm270_offset15.jpg,pt_000263,65,39.95714461495917,-75.15834968901078,270,105,irzjBeTUlCdB5u4qEaLHKQ,2024-10,False,False,0,0,"{""traffic_lights"": [], ""stop_signs"": []}"
pt_000264_arm0_offset15.jpg,pt_000264,66,39.95300732148694,-75.1557105690724,0,195,U03aI-peyr221jf3PEFfbg,2016-10,False,True,0,1,"{""traffic_lights"": [], ""stop_signs"": [{""confidence"": 0.9424091577529907, ""class"": ""stop sign"", ""bbox"": [466.2135009765625, 339.404052734375, 517.3880004882812, 436.4345703125]}]}"
pt_000265_arm90_offset15.jpg,pt_000265,66,39.95295083000489,-75.15564135726842,90,285,IESV9h5nkxfswStVZ1Auiw,2019-11,False,False,0,0,"{""traffic_lights"": [], ""stop_signs"": []}"
pt_000266_arm180_offset15.jpg,pt_000266,66,39.95289756414622,-75.1557147600945,180,15,IESV9h5nkxfswStVZ1Auiw,2019-11,False,False,0,0,"{""traffic_lights"": [], ""stop_signs"": []}"
pt_000267_arm270_offset15.jpg,pt_000267,66,39.95295405558407,-75.15578397190522,270,105,dxvVAY9pyV-sqfXZ2xXsGg,2019-11,False,False,0,0,"{""traffic_lights"": [], ""stop_signs"": []}"
pt_000268_arm0_offset15.jpg,pt_000268,67,39.95289593446383,-75.15483147611228,0,195,buO5JBZx6fSEfffqqT8I9Q,2025-05,False,False,0,0,"{""traffic_lights"": [], ""stop_signs"": []}"
pt_000269_arm90_offset15.jpg,pt_000269,67,39.95283944245244,-75.15476226515293,90,285,CAoSF0NJSE0wb2dLRUlDQWdJRGFpZjIwelFF,2019-05,False,False,0,0,"{""traffic_lights"": [], ""stop_signs"": []}"
pt_000270_arm180_offset15.jpg,pt_000270,67,39.95278617715668,-75.15483566854799,180,15,bUOQLd5pFZgI5bn1K26bsQ,2025-05,False,False,0,0,"{""traffic_lights"": [], ""stop_signs"": []}"
pt_000271_arm270_offset15.jpg,pt_000271,67,39.95284266912388,-75.15490487951412,270,105,tR4LVn_b_8phBMbZdtE7iA,2016-06,False,False,0,0,"{""traffic_lights"": [], ""stop_signs"": []}"
pt_000272_arm0_offset15.jpg,pt_000272,68,39.95383981831268,-75.16213748566496,0,195,oHY3LcUAvhCuDb1CZpQcxg,2025-10,False,False,0,0,"{""traffic_lights"": [], ""stop_signs"": []}"
pt_000273_arm90_offset15.jpg,pt_000273,68,39.95378333070073,-75.16206826766785,90,285,oHY3LcUAvhCuDb1CZpQcxg,2025-10,False,False,0,0,"{""traffic_lights"": [], ""stop_signs"": []}"
pt_000274_arm180_offset15.jpg,pt_000274,68,39.95373006072692,-75.16214166635348,180,15,9qepICF644K50ZGQBpNLig,2025-10,False,False,0,0,"{""traffic_lights"": [], ""stop_signs"": []}"
pt_000275_arm270_offset15.jpg,pt_000275,68,39.95378654829469,-75.16221088435734,270,105,DOcdGWaiGBHBmI9Tyqmq9g,2016-10,False,False,0,0,"{""traffic_lights"": [], ""stop_signs"": []}"
